n_users,Image_based,Data_based,Mix_Model
20.0,7.204913971368525,1.5204389262016182,3.8643825624630574
500.0,0.43389979600247275,0.4128637408618661,0.28521911078840845
1000.0,0.261560700073143,0.35563532640183165,0.3051122896501283
1200.0,0.2479657800489934,0.26320288927388696,0.22798850412564045
2000.0,0.2517273891249148,0.24530085846652128,0.2308132518837279
4000.0,0.25235901255917587,0.2157561924428099,0.21288926175585962
5258.0,0.2548830306727867,0.21599146433035418,0.2067981179217273
